{
  "volume": {
    "shape": [
      155,
      240,
      240
    ],
    "primary_axis": "axial",
    "pixel_spacing_mm": 1.0,
    "slice_thickness_mm": 1.0,
    "threejs_axis_map": {
      "axial": "x",
      "coronal": "y",
      "sagittal": "z"
    }
  },
  "mesh": {
    "vertices": 106190,
    "faces": 212376,
    "bbox_min": [
      2.4809047521899745,
      55.461274365388874,
      24.47638919978831
    ],
    "bbox_max": [
      141.5365725280184,
      190.53392583703624,
      194.44586446765436
    ],
    "center": [
      66.89655887772399,
      122.31621010308126,
      103.46828959455404
    ]
  },
  "slices": {
    "axial": {
      "count": 155,
      "world_w": 176.0,
      "world_h": 141.0,
      "center_world": [
        0.0,
        123.0,
        109.5
      ],
      "source_indices": [
        0,
        1,
        2,
        3,
        4,
        5,
        6,
        7,
        8,
        9,
        10,
        11,
        12,
        13,
        14,
        15,
        16,
        17,
        18,
        19,
        20,
        21,
        22,
        23,
        24,
        25,
        26,
        27,
        28,
        29,
        30,
        31,
        32,
        33,
        34,
        35,
        36,
        37,
        38,
        39,
        40,
        41,
        42,
        43,
        44,
        45,
        46,
        47,
        48,
        49,
        50,
        51,
        52,
        53,
        54,
        55,
        56,
        57,
        58,
        59,
        60,
        61,
        62,
        63,
        64,
        65,
        66,
        67,
        68,
        69,
        70,
        71,
        72,
        73,
        74,
        75,
        76,
        77,
        78,
        79,
        80,
        81,
        82,
        83,
        84,
        85,
        86,
        87,
        88,
        89,
        90,
        91,
        92,
        93,
        94,
        95,
        96,
        97,
        98,
        99,
        100,
        101,
        102,
        103,
        104,
        105,
        106,
        107,
        108,
        109,
        110,
        111,
        112,
        113,
        114,
        115,
        116,
        117,
        118,
        119,
        120,
        121,
        122,
        123,
        124,
        125,
        126,
        127,
        128,
        129,
        130,
        131,
        132,
        133,
        134,
        135,
        136,
        137,
        138,
        139,
        140,
        141,
        142,
        143,
        144,
        145,
        146,
        147,
        148,
        149,
        150,
        151,
        152,
        153,
        154
      ]
    },
    "coronal": {
      "count": 155,
      "world_w": 145.0,
      "world_h": 176.0,
      "center_world": [
        72.0,
        0.0,
        109.5
      ],
      "source_indices": [
        0,
        1,
        3,
        4,
        6,
        7,
        9,
        10,
        12,
        13,
        15,
        17,
        18,
        20,
        21,
        23,
        24,
        26,
        27,
        29,
        31,
        32,
        34,
        35,
        37,
        38,
        40,
        41,
        43,
        45,
        46,
        48,
        49,
        51,
        52,
        54,
        55,
        57,
        58,
        60,
        62,
        63,
        65,
        66,
        68,
        69,
        71,
        72,
        74,
        76,
        77,
        79,
        80,
        82,
        83,
        85,
        86,
        88,
        90,
        91,
        93,
        94,
        96,
        97,
        99,
        100,
        102,
        103,
        105,
        107,
        108,
        110,
        111,
        113,
        114,
        116,
        117,
        119,
        121,
        122,
        124,
        125,
        127,
        128,
        130,
        131,
        133,
        135,
        136,
        138,
        139,
        141,
        142,
        144,
        145,
        147,
        148,
        150,
        152,
        153,
        155,
        156,
        158,
        159,
        161,
        162,
        164,
        166,
        167,
        169,
        170,
        172,
        173,
        175,
        176,
        178,
        180,
        181,
        183,
        184,
        186,
        187,
        189,
        190,
        192,
        193,
        195,
        197,
        198,
        200,
        201,
        203,
        204,
        206,
        207,
        209,
        211,
        212,
        214,
        215,
        217,
        218,
        220,
        221,
        223,
        225,
        226,
        228,
        229,
        231,
        232,
        234,
        235,
        237,
        239
      ]
    },
    "sagittal": {
      "count": 155,
      "world_w": 145.0,
      "world_h": 141.0,
      "center_world": [
        72.0,
        123.0,
        0.0
      ],
      "source_indices": [
        0,
        1,
        3,
        4,
        6,
        7,
        9,
        10,
        12,
        13,
        15,
        17,
        18,
        20,
        21,
        23,
        24,
        26,
        27,
        29,
        31,
        32,
        34,
        35,
        37,
        38,
        40,
        41,
        43,
        45,
        46,
        48,
        49,
        51,
        52,
        54,
        55,
        57,
        58,
        60,
        62,
        63,
        65,
        66,
        68,
        69,
        71,
        72,
        74,
        76,
        77,
        79,
        80,
        82,
        83,
        85,
        86,
        88,
        90,
        91,
        93,
        94,
        96,
        97,
        99,
        100,
        102,
        103,
        105,
        107,
        108,
        110,
        111,
        113,
        114,
        116,
        117,
        119,
        121,
        122,
        124,
        125,
        127,
        128,
        130,
        131,
        133,
        135,
        136,
        138,
        139,
        141,
        142,
        144,
        145,
        147,
        148,
        150,
        152,
        153,
        155,
        156,
        158,
        159,
        161,
        162,
        164,
        166,
        167,
        169,
        170,
        172,
        173,
        175,
        176,
        178,
        180,
        181,
        183,
        184,
        186,
        187,
        189,
        190,
        192,
        193,
        195,
        197,
        198,
        200,
        201,
        203,
        204,
        206,
        207,
        209,
        211,
        212,
        214,
        215,
        217,
        218,
        220,
        221,
        223,
        225,
        226,
        228,
        229,
        231,
        232,
        234,
        235,
        237,
        239
      ]
    }
  }
}